,Emission/nm
0,427.0
1,520.0
2,528.0
3,627.0
4,560.0
5,491.0
6,490.0
7,495.0
8,518.0
9,525.0
10,516.0
11,516.0
12,485.0
13,524.0
14,526.0
15,529.0
16,530.0
17,531.0
18,532.0
19,532.0
20,533.0
21,534.0
22,535.0
23,568.0
24,500.0
25,539.0
26,542.0
27,558.0
28,559.0
29,514.0
30,573.0
31,520.0
32,528.0
33,542.0
34,554.0
35,555.0
36,556.0
37,556.0
38,558.0
39,532.0
40,558.0
41,524.0
42,530.0
43,520.0
44,513.0
45,424.0
46,411.0
47,350.0
48,383.0
49,585.0
50,595.0
51,582.0
52,545.0
53,597.0
54,578.0
55,570.0
56,569.0
57,568.0
58,570.0
59,572.0
60,576.0
61,578.0
62,589.0
63,573.0
64,570.0
65,585.0
66,587.0
67,579.0
68,568.0
69,585.0
70,649.0
71,639.0
72,585.0
73,585.0
74,577.0
75,596.0
76,586.0
77,589.0
78,573.0
79,595.0
80,570.0
81,587.0
82,593.0
83,587.0
84,589.0
85,586.0
86,581.0
87,583.0
88,585.0
89,600.0
90,578.0
91,575.0
92,576.0
93,614.0
94,597.0
95,599.0
96,580.0
97,625.0
98,575.0
99,579.0
100,585.0
101,565.0
102,596.0
103,585.0
104,586.0
105,592.0
106,573.0
107,578.0
108,608.0
109,573.0
110,603.0
111,581.0
112,614.0
113,586.0
114,618.0
115,639.0
116,628.0
117,585.0
118,595.0
119,591.0
120,591.0
121,580.0
122,581.0
123,587.0
124,573.0
125,585.0
126,586.0
127,587.0
128,573.0
129,581.0
130,573.0
131,580.0
132,580.0
133,590.0
134,580.0
135,574.0
136,592.0
137,573.0
138,593.0
139,597.0
140,582.0
141,592.0
142,588.0
143,580.0
144,573.0
145,573.0
146,591.0
147,594.0
148,568.0
149,583.0
150,598.0
151,661.0
152,572.0
153,573.0
154,582.0
155,582.0
156,583.0
157,571.0
158,621.0
159,570.0
160,573.0
161,598.0
162,580.0
163,569.0
164,607.0
165,628.0
166,664.0
167,579.0
168,579.0
169,572.0
170,579.0
171,670.0
172,604.0
173,570.0
174,572.0
175,571.0
176,578.0
177,575.0
178,583.0
179,573.0
180,573.0
181,574.0
182,597.0
183,574.0
184,588.0
185,579.0
186,570.0
187,573.0
188,579.0
189,570.0
190,569.0
191,571.0
192,602.0
193,581.0
194,571.0
195,577.0
196,571.0
197,571.0
198,578.0
199,575.0
200,570.0
201,581.0
202,571.0
203,578.0
204,582.0
205,572.0
206,576.0
207,574.0
208,587.0
209,574.0
210,591.0
211,568.0
212,589.0
213,581.0
214,581.0
215,590.0
216,577.0
217,569.0
218,571.0
219,571.0
220,577.0
221,628.0
222,567.0
223,578.0
224,579.0
225,580.0
226,579.0
227,577.0
228,571.0
229,568.0
230,565.0
231,575.0
232,570.0
233,581.0
234,595.0
235,591.0
236,570.0
237,576.0
238,588.0
239,569.0
240,587.0
241,570.0
242,583.0
243,593.0
244,571.0
245,570.0
246,605.0
247,569.0
248,579.0
249,608.0
250,576.0
251,590.0
252,639.0
253,575.0
254,576.0
255,570.0
256,581.0
257,575.0
258,572.0
259,571.0
260,573.0
261,575.0
262,582.0
263,575.0
264,578.0
265,587.0
266,598.0
267,581.0
268,574.0
269,582.0
270,580.0
271,568.0
272,579.0
273,589.0
274,577.0
275,576.0
276,575.0
277,592.0
278,601.0
279,571.0
280,682.0
281,622.0
282,571.0
283,582.0
284,572.0
285,595.0
286,572.0
287,574.0
288,615.0
289,592.0
290,592.0
291,573.0
292,578.0
293,629.0
294,585.0
295,586.0
296,634.0
297,566.0
298,627.0
299,587.0
300,656.0
301,605.0
302,573.0
303,570.0
304,569.0
305,571.0
306,619.0
307,580.0
308,594.0
309,623.0
310,596.0
311,587.0
312,571.0
313,565.0
314,581.0
315,575.0
316,571.0
317,586.0
318,571.0
319,641.0
320,540.0
321,578.0
322,578.0
323,580.0
324,588.0
325,578.0
326,576.0
327,628.0
328,626.0
329,588.0
330,591.0
331,568.0
332,581.0
333,570.0
334,570.0
335,582.0
336,593.0
337,572.0
338,574.0
339,571.0
340,570.0
341,567.0
342,584.0
343,569.0
344,581.0
345,564.0
346,570.0
347,583.0
348,571.0
349,588.0
350,426.0
351,428.0
352,427.0
353,433.0
354,427.0
355,427.0
356,429.0
357,433.0
358,431.0
359,430.0
360,423.0
361,434.0
362,433.0
363,437.0
364,445.0
365,459.0
366,464.0
367,467.0
368,378.0
369,414.0
370,430.0
371,453.0
372,533.0
373,537.0
374,473.0
375,478.0
376,485.0
377,489.0
378,371.0
379,373.0
380,381.0
381,391.0
382,378.0
383,397.0
384,406.0
385,411.0
386,423.0
387,460.0
388,388.0
392,347.0
393,327.0
394,336.0
395,338.0
396,372.0
397,383.0
398,386.0
399,551.0
400,471.0
401,484.0
402,471.0
403,472.0
404,481.0
405,480.0
406,495.0
407,406.0
408,387.0
409,384.0
410,431.0
411,601.0
412,565.0
413,450.0
414,424.0
415,420.0
416,420.0
417,420.0
418,402.0
419,716.0
420,716.0
421,718.0
422,816.0
423,816.0
424,807.0
425,369.0
426,380.0
427,393.0
428,394.0
429,406.0
430,448.0
431,430.0
432,458.0
433,455.0
434,436.0
435,452.0
436,451.0
437,448.0
438,460.0
439,452.0
440,463.0
441,466.0
442,468.0
443,474.0
444,401.6
445,507.0
446,437.5
447,437.5
448,440.0
449,440.0
450,464.5
451,464.5
452,453.0
453,453.0
454,438.0
455,438.0
456,382.0
457,408.0
458,369.0
459,385.0
460,475.0
461,484.0
462,403.0
463,403.0
464,403.0
465,348.0
466,348.0
467,360.0
468,354.0
469,365.0
470,335.0
471,381.0
472,403.0
473,433.0
474,560.0
475,555.0
476,565.0
477,551.0
478,557.0
479,563.0
480,556.0
481,554.0
482,556.0
483,565.0
484,568.0
485,593.0
486,564.0
487,567.0
488,544.0
489,563.0
490,561.0
491,564.0
492,551.0
493,564.0
494,567.0
495,561.0
496,557.0
497,562.0
498,560.0
499,563.0
500,562.0
501,557.0
502,554.0
503,562.0
504,563.0
505,562.0
506,556.0
507,550.0
508,561.0
509,555.0
510,569.0
511,563.0
512,563.0
513,562.0
514,564.0
515,559.0
516,561.0
517,568.0
518,561.0
519,539.0
520,553.0
521,564.0
522,565.0
523,565.0
524,567.0
525,566.0
526,564.0
527,565.0
528,557.0
529,561.0
530,540.0
531,560.0
532,564.0
533,556.0
534,562.0
535,555.0
536,564.0
537,561.0
538,563.0
539,561.0
540,545.0
541,563.0
542,565.0
543,562.0
544,566.0
545,563.0
546,565.0
547,566.0
548,564.0
549,563.0
550,549.0
551,562.0
552,565.0
553,562.0
554,565.0
555,563.0
556,564.0
557,570.0
558,559.0
559,565.0
560,558.0
561,562.0
562,568.0
563,568.0
564,560.0
565,561.0
566,563.0
567,563.0
568,563.0
569,544.0
570,565.0
571,547.0
572,542.0
573,565.0
574,564.0
575,559.0
576,556.0
577,557.0
578,559.0
579,564.0
580,560.0
581,563.0
582,553.0
583,582.0
584,543.0
585,563.0
586,552.0
587,560.0
588,563.0
589,545.0
590,560.0
591,562.0
592,561.0
593,562.0
594,557.0
595,563.0
596,563.0
597,553.0
598,557.0
599,556.0
600,559.0
601,555.0
602,563.0
603,565.0
604,566.0
605,565.0
606,564.0
607,557.0
608,563.0
609,537.0
610,563.0
611,558.0
612,559.0
613,567.0
614,568.0
615,548.0
616,569.0
617,565.0
618,562.0
619,565.0
620,564.0
621,562.0
622,552.0
623,569.0
624,561.0
625,561.0
626,560.0
627,565.0
628,563.0
629,566.0
630,563.0
631,557.0
632,559.0
633,562.0
634,402.0
635,365.0
636,362.0
637,316.0
638,380.0
639,348.0
640,347.0
641,342.0
642,342.0
643,350.0
644,343.0
645,344.0
646,374.0
647,342.0
648,343.0
649,341.0
650,341.0
651,296.0
652,343.0
653,351.0
654,343.0
655,343.0
656,373.0
657,360.0
658,401.0
659,360.0
660,364.0
661,369.0
662,341.0
663,352.0
664,343.0
665,345.0
666,376.0
667,390.0
668,370.0
669,351.0
670,374.0
671,427.0
672,419.0
673,471.0
674,464.0
675,524.0
676,449.0
677,366.0
678,377.0
679,550.0
680,473.0
681,524.0
682,540.0
683,542.0
684,470.0
685,537.0
686,533.0
687,530.0
688,537.0
689,520.0
690,505.0
691,517.0
692,583.0
693,620.0
694,683.0
695,738.0
696,661.0
697,680.0
698,671.0
699,655.0
700,689.0
701,701.0
702,549.0
703,620.0
704,605.0
705,644.0
706,546.0
707,572.0
708,555.0
709,534.0
710,523.0
711,525.0
712,514.0
713,512.0
714,500.0
715,650.0
716,460.0
717,548.0
718,606.0
719,650.0
720,542.0
721,587.0
722,684.0
723,766.0
724,908.0
725,1045.0
726,404.0
727,414.0
728,410.0
729,455.0
730,458.0
731,481.0
732,487.0
733,555.0
734,588.0
735,551.0
736,632.0
737,446.0
738,442.0
739,442.0
740,521.0
741,541.0
742,566.0
743,522.0
744,540.0
745,568.0
746,445.0
747,443.0
748,431.0
749,526.0
750,545.0
751,573.0
752,465.0
753,670.0
754,664.0
755,656.0
756,653.0
757,647.0
758,640.0
759,601.0
760,680.0
761,665.0
762,658.0
763,641.0
764,668.0
765,587.0
766,473.0
767,468.0
768,470.0
769,469.0
770,478.0
771,506.0
772,484.0
773,479.0
774,457.0
775,447.0
776,537.0
777,424.0
778,425.0
779,464.0
780,475.0
781,469.0
782,486.0
783,489.0
784,552.0
785,476.0
786,473.0
787,461.0
788,463.0
789,471.0
790,467.0
791,480.0
792,487.0
793,480.0
794,478.0
795,450.0
796,506.0
797,512.0
798,498.0
799,553.0
800,538.0
801,533.0
802,555.0
803,620.0
804,557.0
805,579.0
806,550.0
807,507.0
808,497.0
809,526.0
810,490.0
811,529.0
812,524.0
813,458.0
814,437.0
815,503.0
816,462.0
817,464.0
818,468.0
819,468.0
820,467.0
821,461.0
822,454.0
823,730.0
824,729.0
825,741.0
826,733.0
827,737.0
828,726.0
829,731.0
830,735.0
831,724.0
832,735.0
833,733.0
834,719.0
835,720.0
836,725.0
837,726.0
838,729.0
839,738.0
840,735.0
841,744.0
842,740.0
843,732.0
844,735.0
845,747.0
846,734.0
847,492.0
848,504.0
849,498.0
850,539.0
851,554.0
852,546.0
853,592.0
854,578.0
855,601.0
856,603.0
857,387.0
858,403.0
859,401.0
860,379.0
861,399.0
862,417.0
863,419.0
864,382.0
865,382.0
866,415.0
867,427.0
868,433.0
869,672.0
870,687.0
871,715.0
872,827.0
873,741.0
874,752.0
875,782.0
876,769.0
877,453.0
878,522.0
879,583.0
880,578.0
881,615.0
882,620.0
883,388.0
884,420.0
885,421.0
886,443.0
887,544.0
888,578.0
889,419.0
890,513.0
891,434.0
892,437.0
893,538.0
894,454.0
895,451.0
896,521.0
897,474.0
898,450.9090909
899,375.7575758
900,386.2928349
901,467.9245283
902,455.8823529
903,447.6534296
904,464.4194757
905,452.5547445
906,444.4444444
907,432.0557491
908,612.0
909,611.0
910,615.0
911,633.0
912,632.0
913,630.0
914,628.0
915,649.0
916,607.0
917,602.0
918,838.0
919,824.0
920,810.0
921,722.0
922,724.0
923,405.0
924,453.0
925,456.0
926,514.0
927,502.0
928,527.0
929,533.0
930,630.0
931,457.0
932,491.0
933,499.0
934,560.0
935,471.0
936,505.0
937,501.0
938,570.0
939,519.0
940,463.0
941,426.0
942,491.0
943,423.0
944,413.0
945,423.0
946,417.0
947,433.0
948,410.0
949,426.0
950,425.0
951,426.0
952,431.0
953,426.0
954,424.0
955,429.0
956,381.0
957,543.3829974
958,546.7372134
959,591.8854415
960,584.6298916
961,577.012564
962,651.0
963,651.0
964,663.0
965,689.0
966,644.0
967,647.0
968,546.0
969,542.0
970,475.0
971,470.0
972,456.0
973,540.0
974,540.0
975,520.0
976,650.0
977,750.0
978,408.0
979,465.0
980,468.0
981,468.0
982,460.0
983,472.0
984,419.0
985,468.0
986,496.0
987,469.0
988,462.0
989,469.0
990,470.0
991,467.0
992,469.0
993,469.0
994,469.0
995,459.0
996,471.0
997,474.0
998,472.0
999,462.0
1000,456.0
1001,456.0
1002,456.0
1003,454.0
1004,456.0
1005,463.0
1006,453.0
1007,461.0
1008,448.0
1009,447.0
1010,447.0
1011,445.0
1012,449.0
1013,445.0
1014,466.0
1015,428.93
1016,430.9
1017,430.9
1018,428.03
1019,431.96
1020,474.73
1021,432.87
1022,432.87
1023,428.03
1024,425.9
1025,425.0
1026,427.87
1027,428.93
1028,430.0
1029,425.9
1030,413.93
1031,438.93
1032,440.0
1033,440.0
1034,438.93
1035,435.0
1036,438.03
1037,377.0
1038,500.0
1039,520.0
1040,534.0
1041,518.0
1042,526.0
1043,518.0
1044,468.0
1045,459.0
1046,472.0
1047,447.0
1048,410.0
1049,469.0
1050,470.0
1051,463.0
1052,465.0
1053,466.0
1054,470.0
1055,430.0
1056,468.0
1057,458.0
1058,456.0
1059,458.0
1060,541.0
1061,536.0
1062,539.0
1063,535.0
1064,601.0
1065,574.0
1066,494.0
1067,414.0
1068,545.0
1069,579.0
1070,568.0
1071,564.0
1072,557.0
1073,550.0
1074,571.0
1075,572.0
1076,567.0
1077,376.0
1078,376.0
1079,376.0
1080,375.0
1081,384.0
1082,377.0
1083,376.0
1084,376.0
1085,459.0
1086,451.0
1087,473.0
1088,402.0
1089,519.0
1090,515.0
1091,515.0
1092,516.0
1093,550.0
1094,536.0
1095,516.0
1096,514.0
1097,544.0
1098,519.0
1099,521.0
1100,515.0
1101,432.0
1102,423.0
1103,460.0
1104,463.0
1105,487.0
1106,487.0
1107,496.0
1108,496.0
1109,496.0
1110,518.0
1111,515.0
1112,515.0
1113,515.0
1114,521.0
1115,528.0
1116,554.0
1117,554.0
1118,554.0
1119,569.0
1120,569.0
1121,569.0
1122,565.0
1123,565.0
1124,565.0
1125,568.0
1126,568.0
1127,568.0
1128,568.0
1129,570.0
1130,570.0
1131,570.0
1132,570.0
1133,570.0
1134,577.0
1135,577.0
1136,570.0
1137,573.0
1138,574.0
1139,576.0
1140,576.0
1141,576.0
1142,578.0
1143,589.0
1144,604.0
1145,604.0
1146,604.0
1147,600.0
1148,600.0
1149,598.0
1150,615.0
1151,624.0
1152,624.0
1153,624.0
1154,632.0
1155,632.0
1156,643.0
1157,643.0
1158,658.0
1159,657.0
1160,658.0
1161,658.0
1162,658.0
1163,657.0
1164,657.0
1165,657.0
1166,657.0
1167,657.0
1168,670.0
1169,670.0
1170,670.0
1171,670.0
1172,654.0
1173,654.0
1174,646.0
1175,646.0
1176,646.0
1177,666.0
1178,666.0
1179,666.0
1180,669.0
1181,669.0
1182,669.0
1183,669.0
1184,672.0
1185,676.0
1186,676.0
1187,677.0
1188,676.0
1189,677.0
1190,682.0
1191,699.0
1192,699.0
1193,698.0
1194,694.0
1195,697.0
1196,709.0
1197,709.0
1198,709.0
1199,699.0
1200,728.0
1201,730.0
1202,728.0
1203,721.0
1204,721.0
1205,732.0
1206,733.0
1207,744.0
1208,755.0
1209,755.0
1210,756.0
1211,755.0
1212,764.0
1213,769.0
1214,769.0
1215,774.0
1216,772.0
1217,771.0
1218,771.0
1219,785.0
1220,787.0
1221,788.0
1222,787.0
1223,799.0
1224,796.0
1225,794.0
1226,780.0
1227,791.0
1228,824.0
1229,843.0
1230,875.0
1231,876.0
1232,896.0
1233,608.0
1234,459.0
1235,475.0
1236,543.0
1237,549.0
1238,510.0
1239,572.0
1240,572.0
1241,512.0
1242,512.0
1243,631.0
1244,649.0
1245,559.0
1246,639.0
1247,590.0
1248,595.0
1249,662.0
1250,666.0
1251,522.0
1252,537.0
1253,526.0
1254,693.0
1255,690.0
1256,530.0
1257,530.0
1258,530.0
1259,535.0
1260,530.0
1261,530.0
1262,530.0
1263,530.0
1264,530.0
1265,530.0
1266,530.0
1267,535.0
1268,535.0
1269,530.0
1270,530.0
1271,530.0
1272,530.0
1273,530.0
1274,530.0
1275,530.0
1276,530.0
1277,530.0
1278,530.0
1279,540.0
1280,530.0
1281,535.0
1282,530.0
1283,565.0
1284,570.0
1285,565.0
1286,570.0
1287,565.0
1288,570.0
1289,565.0
1290,565.0
1291,565.0
1292,570.0
1293,565.0
1294,570.0
1295,580.0
1296,570.0
1297,565.0
1298,560.0
1299,565.0
1300,560.0
1301,565.0
1302,575.0
1303,565.0
1304,565.0
1305,570.0
1306,570.0
1307,570.0
1308,570.0
1309,570.0
1310,570.0
1311,570.0
1312,570.0
1313,575.0
1314,575.0
1315,575.0
1316,570.0
1317,575.0
1318,575.0
1319,575.0
1320,575.0
1321,575.0
1322,585.0
1323,570.0
1324,570.0
1325,570.0
1326,560.0
1327,570.0
1328,570.0
1329,570.0
1330,570.0
1331,560.0
1332,565.0
1333,565.0
1334,570.0
1335,575.0
1336,575.0
1337,570.0
1338,530.0
1339,530.0
1340,530.0
1341,525.0
1342,525.0
1343,530.0
1344,530.0
1345,530.0
1346,530.0
1347,535.0
1348,545.0
1349,550.0
1350,540.0
1351,550.0
1352,550.0
1353,545.0
1354,545.0
1355,550.0
1356,545.0
1357,550.0
1358,550.0
1359,545.0
1360,545.0
1361,545.0
1362,545.0
1363,545.0
1364,545.0
1365,550.0
1366,545.0
1367,545.0
1368,545.0
1369,550.0
1370,550.0
1371,540.0
1372,540.0
1373,540.0
1374,540.0
1375,540.0
1376,545.0
1377,545.0
1378,540.0
1379,540.0
1380,540.0
1381,540.0
1382,540.0
1383,540.0
1384,545.0
1385,540.0
1386,550.0
1387,555.0
1388,550.0
1389,545.0
1390,550.0
1391,550.0
1392,550.0
1393,550.0
1394,555.0
1395,550.0
1396,555.0
1397,555.0
1398,550.0
1399,550.0
1400,550.0
1401,550.0
1402,550.0
1403,550.0
1404,540.0
1405,550.0
1406,545.0
1407,550.0
1408,545.0
1409,545.0
1410,545.0
1411,545.0
1412,540.0
1413,545.0
1414,545.0
1415,545.0
1416,545.0
1417,545.0
1418,545.0
1419,545.0
1420,545.0
1421,545.0
1422,545.0
1423,540.0
1424,540.0
1425,540.0
1426,540.0
1427,565.0
1428,570.0
1429,565.0
1430,565.0
1431,560.0
1432,570.0
1433,565.0
1434,570.0
1435,570.0
1436,565.0
1437,565.0
1438,565.0
1439,565.0
1440,565.0
1441,570.0
1442,570.0
1443,575.0
1444,565.0
1445,570.0
1446,570.0
1447,565.0
1448,550.0
1449,550.0
1450,550.0
1451,545.0
1452,550.0
1453,550.0
1454,565.0
1455,575.0
1456,605.0
1457,555.0
1458,560.0
1459,565.0
1460,575.0
1461,565.0
1462,565.0
1463,555.0
1464,575.0
1465,560.0
1466,560.0
1467,540.0
1468,565.0
1469,590.0
1470,540.0
1471,555.0
1472,560.0
1473,555.0
1474,555.0
1475,555.0
1476,555.0
1477,560.0
1478,555.0
1479,555.0
1480,555.0
1481,555.0
1482,555.0
1483,555.0
1484,560.0
1485,555.0
1486,555.0
1487,555.0
1488,555.0
1489,555.0
1490,555.0
1491,560.0
1492,560.0
1493,560.0
1494,520.0
1495,553.0
1496,572.0
1497,548.0
1498,577.0
1499,566.0
1500,571.0
1501,576.0
1502,586.0
1503,583.0
1504,588.0
1505,600.0
1506,587.0
1507,580.0
1508,600.0
1509,656.0
1510,648.0
1511,646.0
1512,660.0
1513,587.0
1514,548.0
1515,550.0
1516,582.0
1517,608.0
1518,554.0
1519,632.0
1520,619.0
1521,608.0
1522,602.0
1523,596.0
1524,604.0
1525,613.0
1526,639.0
1527,640.0
1528,642.0
1529,576.0
1530,604.0
1531,573.0
1532,597.0
1533,627.0
1534,567.0
1535,567.0
1536,568.0
1537,644.0
1538,730.0
1539,571.0
1540,604.0
1541,605.0
1542,620.0
1544,648.0
1545,649.0
1546,645.0
1547,629.0
1549,638.0
1550,672.0
1551,577.0
1552,642.0
1553,633.0
1554,662.0
1555,683.0
1556,700.0
1557,692.0
1558,713.0
1559,730.0
1560,672.0
1561,613.0
1562,660.0
1563,712.0
1564,689.0
1565,740.0
1566,654.0
1567,666.0
1568,599.0
1569,608.0
1570,557.0
1571,649.0
1572,686.0
1573,685.0
1574,712.0
1575,722.0
1576,764.0
1577,712.0
1578,712.0
1579,713.0
1580,736.0
1581,742.0
1582,747.0
1583,742.0
1584,752.0
1585,562.0
1586,653.0
1587,634.0
1588,628.0
1589,528.0
1590,531.0
1591,599.0
1592,618.0
1593,623.0
1594,627.0
1595,630.0
1596,657.0
1597,648.0
1598,688.0
1599,650.0
1600,675.0
1601,664.0
1602,641.0
1603,640.0
1604,658.0
1605,643.0
1606,622.0
1607,546.0
1608,720.0
1609,599.0
1610,615.0
1611,664.0
1612,642.0
1613,676.0
1614,682.0
1615,670.0
1616,695.0
1617,677.0
1618,619.0
1619,675.0
1620,678.0
1621,675.0
1622,743.0
1623,721.0
1624,741.0
1625,731.0
1626,750.0
1627,730.0
1628,745.0
1629,763.0
1630,740.0
1631,732.0
1632,735.0
1633,744.0
1634,654.0
1635,657.0
1636,747.0
1637,753.0
1638,648.0
1639,648.0
1640,727.0
1641,738.0
1642,807.0
1643,830.0
1644,695.0
1645,637.0
1646,651.0
1647,674.0
1648,678.0
1649,668.0
1650,645.0
1651,631.0
1652,661.0
1653,628.0
1654,552.0
1655,630.0
1656,584.0
1657,633.0
1658,600.0
1659,630.0
1660,604.0
1661,596.0
1662,614.0
1663,606.0
1664,624.0
1665,622.0
1666,583.0
1667,627.0
1668,603.0
1669,650.0
1670,603.0
1671,651.0
1672,605.0
1673,760.0
1674,770.0
1675,740.0
1676,645.0
1677,612.0
1678,652.0
1679,612.0
1680,624.0
1681,681.0
1682,745.0
1683,681.0
1684,750.0
1691,434.0
1692,433.0
1693,460.0
1694,471.0
1695,420.0
1696,481.0
1697,490.0
1698,497.0
1699,507.0
1700,461.0
1701,465.0
1702,489.0
1703,493.0
1704,508.0
1705,481.0
1706,500.0
1707,515.0
1708,529.0
1709,540.0
1710,495.0
1711,480.0
1712,530.0
1713,509.0
1714,613.0
1715,445.0
1716,460.0
1717,487.0
1718,494.0
1719,462.0
1720,476.0
1721,492.0
1722,502.0
1723,471.0
1724,485.0
1725,498.0
1726,509.0
1727,482.0
1728,512.0
1729,526.0
1730,497.0
1731,554.0
1732,579.0
1733,586.0
1734,605.0
1735,474.0
1736,490.0
1737,472.0
1738,496.0
1739,503.0
1740,505.0
1741,548.0
1742,529.0
1743,457.0
1744,443.0
1745,510.0
1746,500.0
1747,472.0
1748,459.0
1749,537.0
1750,526.0
1751,450.0
1752,496.0
1753,535.0
1754,611.0
1755,540.0
1756,577.0
1757,655.0
1758,523.0
1759,548.0
1760,506.0
1761,519.0
1762,494.0
1763,548.0
1764,656.0
1765,637.0
1766,703.0
1767,596.0
1768,469.0
1769,625.0
1770,510.0
1771,478.0
1772,480.0
1773,480.0
1774,521.0
1775,490.0
1776,560.0
1777,610.0
1778,370.0
1779,375.0
1780,375.0
1781,375.0
1782,400.0
1783,400.0
1784,400.0
1785,405.0
1786,435.0
1787,399.0
1788,404.0
1789,405.0
1790,420.0
1791,392.0
1792,428.0
1793,473.0
1794,399.0
1795,399.0
1796,400.0
1797,383.0
1798,383.0
1799,399.0
1800,423.0
1801,377.0
1802,585.0
1803,590.0
1804,591.0
1805,580.0
1806,594.0
1807,587.0
1808,583.0
1809,590.0
1810,595.0
1811,594.0
1812,577.0
1813,597.0
1814,600.0
1815,619.0
1816,600.0
1817,577.0
1818,566.0
1819,538.0
1820,545.0
1821,560.0
1822,554.0
1823,547.0
1824,518.0
1825,516.0
1826,558.0
1827,582.0
1828,561.0
1829,561.0
1830,586.0
1831,554.0
1832,554.0
1833,577.0
1834,629.0
1835,629.0
1836,641.0
1837,552.0
1838,552.0
1839,577.0
1840,569.0
1841,569.0
1842,594.0
1843,597.0
1844,597.0
1845,612.0
1846,642.0
1847,569.0
1848,622.0
1849,389.0
1850,374.0
1851,389.0
1852,401.0
1853,448.0
1854,392.0
1855,413.0
1856,466.0
1857,507.0
1858,410.0
1859,388.0
1860,445.0
1861,388.0
1862,398.0
1863,377.0
1864,404.0
1865,398.0
1866,411.0
1867,391.0
1868,389.0
1869,435.0
1870,392.0
1871,389.0
1872,424.0
1873,445.0
1874,433.0
1875,586.0
1876,556.0
1877,397.0
1878,444.0
1879,367.0
1880,414.0
1881,391.0
1882,406.0
1883,477.0
1884,405.0
1885,472.0
1886,490.0
1887,528.0
1888,529.0
1889,409.0
1890,397.0
1891,398.0
1892,394.0
1893,414.0
1894,426.0
1895,434.0
1896,434.0
1897,431.0
1898,401.0
1899,398.0
1900,393.0
1901,420.0
1902,537.0
1903,410.0
1904,411.0
1905,426.0
1906,453.0
1907,469.0
1908,426.0
1909,499.0
1910,459.0
1911,454.0
1912,455.0
1913,555.0
1914,584.0
1915,508.0
1916,624.0
1917,709.0
1918,710.0
1919,447.0
1920,449.0
1921,472.0
1922,414.0
1923,423.0
1924,456.0
1925,468.0
1926,523.0
1927,525.0
1928,554.0
1929,590.0
1930,602.0
1931,456.0
1932,446.0
1933,443.0
1934,392.0
1935,402.0
1936,452.0
1937,519.0
1938,356.0
1939,351.0
1940,358.0
1941,358.0
1942,356.0
1943,527.0
1944,384.0
1945,389.0
1946,411.0
1947,449.0
1948,374.0
1949,399.0
1950,394.0
1951,390.0
1952,400.0
1953,460.0
1954,653.0
1955,645.0
1956,620.0
1957,573.0
1958,553.0
1959,401.0
1960,420.0
1961,390.0
1962,389.0
1963,379.0
1964,389.0
1965,450.0
1966,453.0
1967,462.0
1968,464.0
1969,473.0
1970,468.0
1971,458.0
1972,472.0
1973,475.0
1974,476.0
1975,489.0
1976,471.0
1977,464.0
1978,469.0
1979,463.0
1980,467.0
1981,451.0
1982,481.0
1983,452.0
1984,460.0
1985,468.0
1986,536.0
1987,460.0
1988,614.0
1989,422.0
1990,423.0
1991,420.0
1992,402.0
1993,417.0
1994,417.0
1995,423.0
1996,418.0
1997,421.0
1998,421.0
1999,421.0
2000,422.0
2001,417.0
2002,483.0
2003,510.0
2004,482.0
2005,508.0
2006,446.0
2007,461.0
2008,435.0
2009,434.0
2010,433.0
2011,425.0
2012,428.0
2013,575.0
2014,575.0
2015,549.0
2016,549.0
2017,561.0
2018,561.0
2019,592.0
2020,592.0
2021,599.0
2022,599.0
2023,608.0
2024,608.0
2025,622.0
2026,622.0
2027,604.0
2028,604.0
2029,576.0
2030,576.0
2031,674.0
2032,674.0
2033,520.0
2034,578.0
2035,579.0
2036,591.0
2037,587.0
2038,577.0
2039,591.0
2040,585.0
2041,578.0
2042,579.0
2043,585.0
2044,606.0
2045,559.0
2046,576.0
2047,636.0
2048,592.0
2049,590.0
2050,604.0
2051,552.0
2052,552.0
2053,547.0
2054,547.0
2055,548.0
2056,548.0
2057,548.0
2058,548.0
2059,541.0
2060,541.0
2061,554.0
2062,554.0
2063,564.0
2064,564.0
2065,557.0
2066,557.0
2067,562.0
2068,562.0
2069,570.0
2070,570.0
2071,564.0
2072,564.0
2073,581.0
2074,581.0
2075,519.0
2076,535.0
2077,532.0
2078,530.0
2079,544.0
2080,542.0
2081,641.0
2082,542.0
2083,514.0
2084,514.0
2085,526.0
2086,527.0
2087,524.0
2088,524.0
2089,530.0
2090,522.0
2091,577.0
2092,673.0
2093,607.0
2094,538.0
2095,524.0
2096,517.0
2097,512.0
2098,466.0
2099,460.0
2100,470.0
2101,426.0
2102,525.0
2103,397.0
2104,533.0
2105,419.0
2106,421.0
2107,423.0
2108,546.0
2109,449.0
2110,564.0
2111,403.0
2112,394.0
2113,390.0
2114,412.0
2115,388.0
2116,448.0
2117,413.0
2118,413.0
2119,420.0
2120,441.0
2121,441.0
2122,419.0
2123,425.0
2124,385.0
2125,389.0
2126,388.0
2127,391.0
2128,401.0
2129,394.0
2130,476.0
2131,476.0
2132,498.0
2133,573.0
2134,649.0
2135,605.0
2136,591.0
2137,596.0
2138,572.0
2139,598.0
2140,596.0
2141,585.0
2142,578.0
2143,581.0
2144,711.0
2145,682.0
2146,693.0
2147,700.0
2148,680.0
2149,742.0
2150,697.0
2151,678.0
2152,500.0
2153,550.0
2154,600.0
2155,505.0
2156,511.0
2157,520.0
2158,525.0
2159,553.0
2160,568.0
2161,566.0
2162,509.0
2163,501.0
2164,510.0
2165,509.0
2166,516.0
2167,532.0
2168,567.0
2169,728.0
2170,404.0
2171,373.0
2172,330.0
2173,400.0
2174,515.0
2175,355.0
2176,586.0
2177,300.0
2178,679.0
2179,588.0
2180,515.0
2181,680.0
2182,565.0
2183,525.0
2184,517.0
2185,604.0
2186,451.0
2187,547.0
2188,559.0
2189,548.0
2190,542.0
2191,529.0
2192,382.0
2193,515.0
2194,467.0
2195,302.0
2196,360.0
2197,520.0
2198,492.0
2199,440.0
2200,540.0
2201,510.0
2202,553.0
2203,574.0
2204,603.0
2205,621.0
2206,630.0
2207,448.0
2208,377.0
2209,479.0
2210,484.0
2211,507.0
2212,525.0
2213,527.0
2214,533.0
2215,545.0
2216,553.0
2217,576.0
2218,592.0
2219,624.0
2220,627.0
2221,634.0
2222,642.0
2223,657.0
2224,658.0
2225,670.0
2226,669.0
2227,683.0
2228,700.0
2229,719.0
2230,593.0
2231,557.0
2232,596.0
2233,608.0
2234,627.0
2235,650.0
2236,531.0
2237,608.0
2238,606.0
2239,500.0
2240,527.0
2241,303.0
2242,327.0
2243,641.0
2244,641.0
2245,641.0
2246,511.0
2247,547.0
2248,570.0
2249,621.0
2250,557.0
2251,497.0
2252,571.0
2253,657.0
2254,603.0
2255,674.0
2256,771.0
2257,712.0
2258,506.0
2259,514.0
2260,591.0
2261,609.0
2262,529.0
2263,574.0
2264,586.0
2265,639.0
2266,674.0
2267,419.0
2268,549.0
2269,614.0
2270,445.0
2271,500.0
2272,478.0
2273,476.0
2274,475.0
2275,462.0
2276,505.0
2277,622.0
2278,561.0
2279,566.0
2280,589.0
2281,665.0
2282,692.0
2283,775.0
2284,668.0
2285,503.0
2286,664.0
2287,523.0
2288,519.0
2289,526.0
2290,492.0
2291,577.0
2292,489.0
2293,579.0
2294,565.0
2295,660.0
2296,595.0
2297,491.0
2298,514.0
2299,580.0
2300,577.0
2301,576.0
2302,543.0
2303,554.0
2304,546.0
2305,330.0
2306,663.0
2307,519.0
2308,527.0
2309,516.0
2310,513.0
2311,408.0
2312,411.0
2313,418.0
2314,368.0
2315,406.0
2316,414.0
2317,413.0
2318,413.0
2319,402.0
2320,414.0
2321,441.0
2322,403.0
2323,439.0
2324,368.0
2325,398.0
2326,448.0
2327,535.0
2328,527.0
2329,542.0
2330,538.0
2331,543.0
2332,545.0
2333,538.0
2334,541.0
2335,535.0
2336,536.0
2337,540.0
2338,542.0
2339,543.0
2340,536.0
2341,537.0
2342,525.0
2343,530.0
2344,539.0
2345,535.0
2346,538.0
2347,536.0
2348,532.0
2349,552.0
2350,528.0
2351,542.0
2352,550.0
2353,547.0
2354,536.0
2355,535.0
2356,443.21
2357,431.69
2358,440.17
2359,445.2
2360,430.06
2361,435.32
2362,442.64
2363,435.68
2364,460.4
2365,456.06
2366,457.84
2367,443.7
2368,521.37
2369,455.38
2370,458.38
2371,452.85
2372,459.21
2373,456.91
2374,459.15
2375,465.84
2376,460.4
2377,519.0
2378,463.0
2379,463.0
2380,505.0
2381,467.0
2382,466.0
2383,566.0
2384,467.0
2385,537.0
2386,538.0
2387,549.0
2388,549.0
2389,541.0
2390,550.0
2391,601.0
2392,588.0
2393,608.0
2394,725.0
2395,665.0
2396,720.0
2397,717.0
2398,645.0
2399,711.0
2400,788.0
2401,718.0
2402,790.0
2403,423.0
2404,423.0
2405,429.0
2406,457.0
2407,462.0
2408,437.0
2409,410.0
2410,516.0
2411,530.0
2412,500.0
2413,497.0
2414,493.0
2415,496.0
2416,505.0
2417,512.0
2418,494.0
2419,496.0
2420,490.0
2421,493.0
2422,494.0
2423,404.0
2424,476.0
2425,493.0
2426,494.0
2427,519.0
2428,526.0
2429,520.0
2430,528.0
2431,526.0
2432,528.0
2433,529.0
2434,519.0
2435,519.0
2436,519.0
2437,519.0
2438,565.0
2439,568.0
2440,564.0
2441,569.0
2442,532.0
2443,484.0
2444,522.0
2445,493.0
2446,530.0
2447,505.0
2448,562.0
2449,581.0
2450,608.0
2451,625.0
2452,532.0
2453,484.0
2454,522.0
2455,493.0
2456,530.0
2457,505.0
2458,562.0
2459,581.0
2460,608.0
2461,625.0
2462,401.0
2463,411.0
2464,467.0
2465,413.0
2466,409.0
2467,376.0
2468,455.0
2469,402.0
2470,377.0
2471,388.0
2472,398.0
2473,395.0
2474,387.0
2475,417.0
2476,490.0
2477,441.0
2478,434.0
2479,409.0
2480,429.0
2481,506.0
2482,518.0
2483,444.0
2484,460.0
2485,552.0
2486,565.0
2487,449.0
2488,468.0
2489,579.0
2490,586.0
2491,459.0
2492,488.0
2493,594.0
2494,609.0
2495,473.0
2496,506.0
2497,624.0
2498,639.0
2499,525.0
2500,721.0
2501,671.0
2502,611.0
2503,732.0
2504,518.0
2505,525.0
2506,526.0
2507,657.0
2508,645.0
2509,561.0
2510,525.5
2511,522.0
2512,529.5
2513,530.5
2514,646.0
2515,424.0
2516,456.0
2517,438.0
2518,420.0
2519,452.0
2520,422.0
2521,420.0
2522,424.0
2523,532.0
2524,504.0
2525,604.0
2526,492.0
2527,582.0
2528,386.0
2529,388.0
2530,448.0
2531,450.0
2532,438.0
2533,472.0
2534,515.0
2535,522.0
2536,523.0
2537,505.0
2538,448.0
2539,466.0
2540,473.0
2541,508.0
2542,511.0
2543,527.0
2544,550.0
2545,582.0
2546,521.0
2547,532.0
2548,525.0
2549,539.0
2550,516.0
2551,533.0
2552,496.0
2553,528.0
2554,529.0
2555,553.0
2556,597.0
2557,572.0
2558,579.0
2559,432.0
2560,486.0
2561,569.0
2562,565.0
2563,544.0
2564,524.0
2565,481.0
2566,500.0
2567,565.0
2568,513.0
2569,526.0
2570,423.0
2571,416.0
2572,448.0
2573,459.0
2574,480.0
2575,462.0
2576,451.0
2577,508.0
2578,470.0
2579,449.0
2580,446.0
2581,486.0
2582,482.0
2583,451.0
2584,479.0
2585,492.0
2586,483.0
2587,483.0
2588,492.0
2589,490.0
2590,490.0
2591,529.0
2592,479.0
2593,492.0
2594,527.0
2595,518.0
2596,521.0
2597,526.0
2598,536.0
2599,527.0
2600,529.0
2601,534.0
2602,552.0
2603,530.0
2604,546.0
2605,543.0
2606,560.0
2607,522.0
2608,501.0
2609,612.0
2610,597.0
2611,603.0
2612,478.0
2613,489.0
2614,458.0
2615,426.0
2616,517.0
2617,538.0
2618,535.0
2619,540.0
2620,530.0
2621,538.0
2622,535.0
2623,535.0
2624,539.0
2625,585.0
2626,584.0
2627,587.0
2628,560.0
2629,480.0
2630,476.0
2631,483.0
2632,476.0
2633,480.0
2634,530.0
2635,536.0
2636,527.0
2637,534.0
2638,530.0
2639,581.0
2640,640.0
2641,551.0
2642,563.0
2643,562.0
2644,562.0
2645,539.0
2646,572.0
2647,572.0
2648,493.0
2649,496.0
2650,492.0
2651,476.0
2652,452.0
2653,452.0
2654,452.0
2655,452.0
2656,461.0
2657,502.0
2658,660.0
2659,541.0
2660,505.0
2661,672.0
2662,545.0
2663,513.0
2664,674.0
2665,650.0
2666,566.0
2667,410.0
2668,420.0
2669,453.0
2670,504.0
2671,386.0
2672,405.0
2673,405.0
2674,408.0
2675,552.0
2676,426.0
2677,432.0
2678,440.0
2679,450.0
2680,525.0
2681,585.0
2682,460.0
2683,575.0
2684,494.0
2685,562.0
2686,550.0
2687,467.0
2688,467.0
2689,466.0
2690,469.0
2691,472.0
2692,468.0
2693,467.0
2694,473.0
2695,586.0
2696,600.0
2697,587.0
2698,414.0
2699,403.0
2700,504.0
2701,432.0
2702,413.0
2703,437.0
2704,404.0
2705,487.0
2706,528.0
2707,488.0
2708,577.0
2709,619.0
2710,560.0
2711,696.0
2712,579.0
2713,626.0
2714,627.0
2715,547.0
2716,554.0
2717,553.0
2718,542.0
2719,568.0
2720,636.0
2721,651.0
2722,642.0
2723,652.0
2724,642.0
2725,644.0
2726,644.0
2727,644.0
2728,647.0
2729,638.0
2730,633.0
2731,653.0
2732,652.0
2733,660.0
2734,657.0
2735,649.0
2736,669.0
2737,669.0
2738,652.0
2739,644.0
2740,612.0
2741,615.0
2742,624.0
2743,609.0
2744,628.0
2745,532.0
2746,628.0
2747,671.0
2748,531.0
2749,578.0
2750,607.0
2751,642.0
2752,652.0
2753,537.0
2754,585.0
2755,616.0
2756,659.0
2757,658.0
2758,537.0
2759,580.0
2760,609.0
2761,646.0
2762,654.0
2763,538.0
2764,580.0
2765,612.0
2766,649.0
2767,655.0
2768,544.0
2769,583.0
2770,617.0
2771,647.0
2772,656.0
2773,543.0
2774,585.0
2775,614.0
2776,640.0
2777,644.0
2778,545.0
2779,586.0
2780,619.0
2781,653.0
2782,652.0
2783,532.0
2784,574.0
2785,611.0
2786,641.0
2787,656.0
2788,530.0
2789,576.0
2790,608.0
2791,645.0
2792,658.0
2793,536.0
2794,581.0
2795,614.0
2796,647.0
2797,659.0
2798,527.0
2799,578.0
2800,603.0
2801,645.0
2802,654.0
2803,534.0
2804,577.0
2805,601.0
2806,673.0
2807,674.0
2808,534.0
2809,578.0
2810,603.0
2811,672.0
2812,673.0
2813,538.0
2814,578.0
2815,602.0
2816,660.0
2817,668.0
2818,549.0
2819,593.0
2820,623.0
2821,654.0
2822,667.0
2823,532.0
2824,573.0
2825,605.0
2826,641.0
2827,649.0
2828,542.0
2829,577.0
2830,616.0
2831,671.0
2832,671.0
2833,532.0
2834,560.0
2835,616.0
2836,671.0
2837,671.0
2838,533.0
2839,575.0
2840,599.0
2841,661.0
2842,667.0
2843,598.0
2844,671.0
2845,645.0
2846,517.0
2847,556.0
2848,595.0
2849,654.0
2850,665.0
2851,507.0
2852,550.0
2853,572.0
2854,630.0
2855,635.0
2856,512.0
2857,544.0
2858,575.0
2859,628.0
2860,628.0
2861,512.0
2862,551.0
2863,581.0
2864,635.0
2865,644.0
2866,505.0
2867,543.0
2868,573.0
2869,632.0
2870,634.0
2871,512.0
2872,547.0
2873,569.0
2874,638.0
2875,642.0
2876,493.0
2877,511.0
2878,521.0
2879,537.0
2880,550.0
2881,558.0
2882,584.0
2883,620.0
2884,644.0
2885,657.0
2886,595.0
2887,628.0
2888,657.0
2889,688.0
2890,695.0
2891,555.0
2892,555.0
2893,555.0
2894,555.0
2895,565.0
2896,565.0
2897,565.0
2898,565.0
2899,509.0
2900,530.0
2901,552.0
2902,583.0
2903,599.0
2904,622.0
2905,565.0
2906,618.0
2907,664.0
2908,501.0
2909,504.0
2910,515.0
2911,468.0
2912,477.0
2913,450.0
2914,538.0
2915,555.0
2916,568.0
2917,550.0
2918,516.0
2919,598.0
2920,617.0
2921,534.0
2922,670.0
2923,687.0
2924,546.0
2925,580.0
2926,584.0
2927,591.0
2928,702.0
2929,709.0
2930,696.0
2931,691.0
2932,613.0
2933,554.0
2934,646.0
2935,683.0
2936,592.0
2937,654.0
2938,681.0
2939,541.0
2940,549.0
2941,559.0
2942,521.0
2943,549.0
2944,555.0
2945,566.0
2946,569.0
2947,548.0
2948,560.0
2949,566.0
2950,571.0
2951,534.0
2952,543.0
2953,550.0
2954,563.0
2955,560.0
2956,552.0
2957,585.0
2958,588.0
2959,475.0
2960,507.0
2961,527.0
2962,554.0
2963,587.0
2964,400.0
2965,413.0
2966,435.0
2967,473.0
2968,502.0
2969,508.0
2970,421.0
2971,449.0
2972,489.0
2973,534.0
2974,556.0
2975,558.0
2976,461.0
2977,494.0
2978,532.0
2979,580.0
2980,600.0
2981,610.0
2982,429.0
2983,436.0
2984,452.0
2985,470.0
2986,482.0
2987,492.0
2988,542.0
2989,561.0
2990,570.0
2991,576.0
2992,579.0
2993,585.0
2994,610.0
2995,450.0
2996,467.0
2997,469.0
2998,482.0
2999,486.0
3000,450.0
3001,467.0
3002,469.0
3003,482.0
3004,486.0
3005,457.0
3006,473.0
3007,475.0
3008,487.0
3009,491.0
3010,459.0
3011,475.0
3012,479.0
3013,490.0
3014,493.0
3015,459.0
3016,475.0
3017,479.0
3018,490.0
3019,493.0
3020,459.0
3021,473.0
3022,474.0
3023,485.0
3024,488.0
3025,523.0
3026,631.0
3027,630.0
3028,490.0
3029,487.0
3030,462.0
3031,477.0
3032,478.0
3033,489.0
3034,493.0
3035,458.0
3036,508.0
3037,525.0
3038,546.0
3039,568.0
3040,595.0
3041,637.0
3042,640.0
3043,623.0
3044,655.0
3045,669.0
3046,671.0
3047,634.0
3048,643.0
3049,491.0
3050,491.0
3051,491.0
3052,492.0
3053,491.0
3054,485.0
3055,485.0
3056,496.0
3057,635.0
3058,634.0
3059,616.0
3060,525.0
3061,457.0
3062,437.0
3063,424.0
3064,628.0
3065,619.0
3066,528.0
3067,475.0
3068,523.0
3069,456.0
3070,599.0
3071,500.0
3072,433.0
3073,417.0
3074,538.0
3075,537.0
3076,544.0
3077,533.0
3078,536.0
3079,535.0
3080,535.0
3081,538.0
3082,585.0
3083,584.0
3084,588.0
3085,560.0
3086,483.0
3087,478.0
3088,484.0
3089,480.0
3090,485.0
3091,527.0
3092,537.0
3093,536.0
3094,572.0
3095,630.0
3096,492.0
3097,497.0
3098,504.0
3099,501.0
3100,491.0
3101,497.0
3102,504.0
3103,500.0
3104,488.0
3105,495.0
3106,528.0
3107,565.0
3108,566.0
3109,623.0
3110,653.0
3111,685.0
3112,500.0
3113,505.0
3114,554.0
3115,603.0
3116,615.0
3117,644.0
3118,675.0
3119,682.0
3120,491.0
3121,499.0
3122,551.0
3123,594.0
3124,597.0
3125,643.0
3126,682.0
3127,694.0
3128,417.0
3129,502.0
3130,430.0
3131,429.0
3132,519.0
3133,450.0
3134,441.0
3135,512.0
3136,462.0
3137,390.0
3138,448.0
3139,399.0
3140,411.0
3141,451.0
3142,418.0
3143,425.0
3144,460.0
3145,410.0
3146,400.0
3147,466.0
3148,410.0
3149,424.0
3150,480.0
3151,434.0
3152,434.0
3153,479.0
3154,430.0
3155,402.0
3156,471.0
3157,412.0
3158,425.0
3159,487.0
3160,430.0
3161,438.0
3162,480.0
3163,437.0
3164,409.0
3165,495.0
3166,427.0
3167,433.0
3168,519.0
3169,447.0
3170,444.0
3171,511.0
3172,458.0
3173,421.0
3174,517.0
3175,437.0
3176,445.0
3177,550.0
3178,459.0
3179,449.0
3180,528.0
3181,480.0
3182,433.0
3183,544.0
3184,448.0
3185,454.0
3186,569.0
3187,465.0
3188,453.0
3189,549.0
3190,499.0
3191,738.0
3192,735.0
3193,738.0
3194,709.0
3195,747.0
3196,748.0
3197,740.0
3198,741.0
3199,741.0
3200,731.0
3201,741.0
3202,728.0
3203,726.0
3204,725.0
3205,731.0
3206,727.0
3207,730.0
3208,731.0
3209,732.0
3210,718.0
3211,743.0
3212,738.0
3213,732.0
3214,731.0
3215,733.0
3216,729.0
3217,738.0
3218,720.0
3219,720.0
3220,728.0
3221,723.0
3222,725.0
3223,729.0
3224,742.0
3225,740.0
3226,726.0
3227,726.0
3228,733.0
3229,729.0
3230,613.0
3231,615.0
3232,631.0
3233,651.0
3234,585.0
3235,594.0
3236,597.0
3237,605.0
3238,620.0
3239,549.0
3240,580.0
3241,616.0
3242,613.0
3243,639.0
3244,654.0
3245,573.0
3246,637.0
3247,730.0
3248,757.0
3249,551.0
3250,593.0
3251,662.0
3252,694.0
3253,713.0
3254,710.0
3255,607.0
3256,651.0
3257,714.0
3258,721.0
3259,720.0
3260,736.0
3261,592.0
3262,650.0
3263,721.0
3264,738.0
3265,741.0
3266,750.0
3267,550.0
3268,610.0
3269,660.0
3270,680.0
3271,705.0
3272,716.0
3273,588.0
3274,650.0
3275,717.0
3276,746.0
3277,625.0
3278,713.0
3279,806.0
3280,850.0
3281,568.0
3282,641.0
3283,734.0
3284,763.0
3285,796.0
3286,815.0
3287,624.0
3288,724.0
3289,815.0
3290,833.0
3291,496.0
3292,481.0
3293,468.0
3294,479.0
3295,455.0
3296,515.0
3297,566.0
3298,578.0
3299,594.0
3300,631.0
3301,475.0
3302,480.0
3303,520.0
3304,470.0
3305,500.0
3306,520.0
3307,456.0
3308,480.0
3309,500.0
3310,540.0
3311,565.0
3312,615.0
3313,540.0
3314,565.0
3315,635.0
3316,520.0
3317,560.0
3318,620.0
3319,488.0
3320,510.0
3321,507.5
3322,444.0
3323,444.0
3324,444.5
3325,444.5
3326,469.5
3327,469.5
3328,459.5
3329,459.5
3330,444.5
3331,444.5
3332,396.0
3333,396.0
3334,420.0
3335,428.0
3336,441.0
3337,438.0
3338,437.0
3339,399.0
3340,396.0
3341,390.0
3342,417.0
3343,548.0
3344,409.0
3345,409.0
3346,429.0
3347,458.0
3348,473.0
3349,429.0
3350,509.0
3351,465.0
3352,457.0
3353,458.0
3354,576.0
3355,602.0
3356,525.0
3357,451.0
3358,457.0
3359,490.0
3360,416.0
3361,426.0
3362,454.0
3363,479.0
3364,539.0
3365,542.0
3366,566.0
3367,605.0
3368,632.0
3369,463.0
3370,456.0
3371,444.0
3372,561.0
3373,562.0
3374,559.0
3375,564.0
3376,432.0
3377,554.0
3378,528.0
3379,420.0
3380,452.0
3381,432.0
3382,410.0
3383,430.0
3384,416.0
3385,416.0
3386,420.0
3387,481.0
3388,474.0
3389,560.0
3390,343.0
3391,476.0
3392,458.0
3393,428.0
3394,468.0
3395,432.0
3396,434.0
3397,438.0
3398,598.0
3399,542.0
3400,434.0
3401,472.0
3402,454.0
3403,432.0
3404,484.0
3405,430.0
3406,430.0
3407,436.0
3408,514.0
3409,495.0
3410,451.0
3411,513.0
3412,427.0
3413,622.0
3414,599.0
3415,449.0
3416,488.0
3417,460.0
3418,492.0
3419,528.0
3420,506.0
3421,390.0
3422,532.0
3423,549.0
3424,539.0
3425,559.0
3426,513.0
3427,477.0
3428,511.0
3429,468.0
3430,384.0
3431,390.0
3432,405.0
3433,412.0
3434,449.0
3435,439.0
3436,386.0
3437,436.0
3438,490.0
3439,473.0
3440,566.0
3441,548.0
3442,450.0
3443,388.0
3444,440.0
3445,447.0
3446,439.0
3447,442.0
3448,428.0
3449,429.0
3450,449.0
3451,634.0
3452,608.0
3453,597.0
3454,602.0
3455,595.0
3456,593.0
3457,617.0
3458,409.0
3459,522.0
3460,576.0
3461,662.0
3462,590.0
3463,604.0
3464,507.0
3465,516.0
3466,488.0
3467,456.0
3468,497.0
3469,615.0
3470,495.0
3471,506.0
3472,501.0
3473,539.0
3474,528.0
3475,557.0
3476,574.0
3477,546.0
3478,469.0
3479,532.0
3480,520.0
3481,418.0
3482,435.0
3483,443.0
3484,457.0
3485,439.0
3486,441.0
3487,431.0
3488,429.0
3489,509.0
3490,493.0
3491,515.0
3492,572.0
3493,632.0
3494,510.0
3495,562.0
3496,545.0
3497,501.0
3498,605.0
3499,684.0
3500,553.0
3501,647.0
3502,518.0
3503,474.0
3504,523.0
3505,512.0
3506,556.0
3507,477.0
3508,510.0
3509,509.0
3510,562.0
3511,513.0
3512,515.0
3513,508.0
3514,482.0
3515,493.0
3516,495.0
3517,540.0
3518,534.0
3519,488.0
3520,535.0
3521,537.0
3522,520.0
3523,471.0
3524,539.0
3525,562.0
3526,440.0
3527,445.0
3528,459.0
3529,525.0
3530,536.0
3531,514.0
3532,494.0
3533,419.0
3534,449.0
3535,488.0
3536,458.0
3537,476.0
3538,557.0
3539,582.0
3540,530.0
3541,631.0
3542,474.0
3543,495.0
3544,498.0
3545,521.0
3546,530.0
3547,444.0
3548,475.0
3549,475.0
3550,506.0
3551,534.0
3552,436.0
3553,443.0
3554,450.0
3555,460.0
3556,476.0
3557,481.0
3558,504.0
3559,489.0
3560,506.0
3561,525.0
3562,405.0
3563,418.0
3564,417.0
3565,421.0
3566,426.0
3567,446.0
3568,442.0
3569,467.0
3570,529.0
3571,551.0
3572,618.0
3573,613.0
3574,596.0
3575,548.0
3576,492.0
3577,522.0
3578,577.0
3579,418.0
3580,461.0
3581,448.0
3582,500.0
3583,424.0
3584,488.0
3585,434.0
3586,515.0
3587,472.0
3588,547.0
3589,454.0
3590,531.0
3591,372.0
3592,409.0
3593,427.0
3594,437.0
3595,459.0
3596,651.0
3597,647.0
3598,662.0
3599,622.0
3600,630.0
3601,629.0
3602,636.0
3603,578.0
3604,586.0
3605,578.0
3606,587.0
3607,582.0
3608,592.0
3609,584.0
3610,592.0
3611,550.0
3612,527.0
3613,547.0
3614,488.0
3615,494.0
3616,481.0
3617,517.0
3618,473.0
3619,491.0
3620,472.0
3621,518.0
3622,488.0
3623,536.0
3624,470.0
3625,481.0
3626,461.0
3627,542.0
3628,455.0
3629,494.0
3630,373.0
3631,395.0
3632,394.0
3633,384.0
3634,391.0
3635,392.0
3636,397.0
3637,393.0
3638,403.0
3639,404.0
3640,401.0
3641,353.0
3642,354.0
3643,371.0
3644,396.0
3645,398.0
3646,397.0
3647,383.0
3648,407.0
3649,419.0
3650,415.0
3651,410.0
3652,423.0
3653,424.0
3654,457.0
3655,366.0
3656,368.0
3657,388.0
3658,406.0
3659,400.0
3660,403.0
3661,395.0
3662,427.0
3663,422.0
3664,421.0
3665,421.0
3666,435.0
3667,436.0
3668,458.0
3669,357.0
3670,360.0
3671,387.0
3672,408.0
3673,405.0
3674,406.0
3675,397.0
3676,422.0
3677,430.0
3678,422.0
3679,429.0
3680,433.0
3681,447.0
3682,417.0
3683,414.0
3684,441.0
3685,472.0
3686,466.0
3687,472.0
3688,478.0
3689,512.0
3690,407.0
3691,433.0
3692,462.0
3693,458.0
3694,461.0
3695,467.0
3696,484.0
3697,380.0
3698,391.0
3699,399.0
3700,393.0
3701,392.0
3702,391.0
3703,394.0
3704,421.0
3705,458.0
3706,436.0
3707,476.0
3708,490.0
3709,479.0
3710,469.0
3711,519.0
3712,528.0
3713,544.0
3714,438.0
3715,491.0
3716,479.0
3717,528.0
3718,544.0
3719,624.0
3720,615.0
3721,682.0
3722,648.0
3723,620.0
3724,473.0
3725,562.0
3726,596.0
3727,622.0
3728,680.0
3729,539.0
3730,563.0
3731,428.0
3732,521.0
3733,620.0
3734,578.0
3735,679.0
3736,498.0
3737,523.0
3738,432.0
3739,534.0
3740,628.0
3741,582.0
3742,710.0
3743,516.0
3744,521.0
3745,445.0
3746,492.0
3747,570.0
3748,532.0
3749,608.0
3750,672.0
3751,492.0
3752,411.0
3753,453.0
3754,509.0
3755,488.0
3756,583.0
3757,593.0
3758,456.0
3759,395.0
3760,630.0
3761,630.0
3762,622.0
3763,621.0
3764,555.0
3765,614.0
3766,606.0
3767,572.0
3768,565.0
3769,570.0
3770,572.0
3771,522.0
3772,566.0
3773,561.0
3774,528.0
3775,530.0
3776,532.0
3777,532.0
3778,483.0
3779,518.0
3780,518.0
3781,532.0
3782,540.0
3783,538.0
3784,538.0
3785,486.0
3786,530.0
3787,527.0
3788,500.0
3789,505.0
3790,501.0
3791,500.0
3792,460.0
3793,485.0
3794,484.0
3795,454.0
3796,456.0
3797,454.0
3798,462.0
3799,450.0
3800,450.0
3801,449.0
3802,556.0
3803,597.0
3804,610.0
3805,617.0
3806,622.0
3807,636.0
3808,659.0
3809,644.0
3810,635.0
3811,637.0
3812,653.0
3813,654.0
3814,532.0
3815,572.0
3816,582.0
3817,594.0
3818,614.0
3819,635.0
3820,620.0
3821,638.0
3822,643.0
3823,520.0
3824,554.0
3825,557.0
3826,562.0
3827,581.0
3828,601.0
3829,596.0
3830,635.0
3831,643.0
3832,557.0
3833,582.0
3834,585.0
3835,587.0
3836,598.0
3837,609.0
3838,602.0
3839,609.0
3840,613.0
3841,549.0
3842,573.0
3843,578.0
3844,576.0
3845,589.0
3846,613.0
3847,598.0
3848,617.0
3849,626.0
3850,532.0
3851,565.0
3852,572.0
3853,576.0
3854,593.0
3855,617.0
3856,602.0
3857,622.0
3858,633.0
3859,561.0
3860,593.0
3861,603.0
3862,609.0
3863,611.0
3864,620.0
3865,614.0
3866,608.0
3867,612.0
3868,408.0
3869,413.0
3870,423.0
3871,476.0
3872,506.0
3873,553.0
3874,482.0
3875,516.0
3876,560.0
3877,560.0
3878,637.0
3879,668.0
3880,571.0
3881,627.0
3882,656.0
3883,561.0
3884,602.0
3885,636.0
3886,483.0
3887,514.0
3888,528.0
3889,543.0
3890,512.0
3891,526.0
3892,525.0
3893,585.0
3894,595.0
3895,605.0
3896,594.0
3897,480.0
3898,522.0
3899,540.0
3900,562.0
3901,525.0
3902,585.0
3903,595.0
3904,615.0
3905,512.0
3906,568.0
3907,582.0
3908,597.0
3909,482.0
3910,514.0
3911,528.0
3912,553.0
3913,446.0
3914,469.0
3915,471.0
3916,474.0
3917,485.0
3918,480.0
3919,495.0
3920,500.0
3921,498.0
3922,500.0
3923,510.0
3924,528.0
3925,428.0
3926,446.0
3927,454.0
3928,455.0
3929,465.0
3930,471.0
3931,474.0
3932,482.0
3933,472.0
3934,485.0
3935,487.0
3936,516.0
3937,446.0
3938,473.0
3939,473.0
3940,480.0
3941,488.0
3942,490.0
3943,489.0
3944,501.0
3945,493.0
3946,500.0
3947,508.0
3948,529.0
3949,538.0
3950,455.0
3951,510.0
3952,522.0
3953,576.0
3954,577.0
3955,393.0
3956,435.0
3957,468.0
3958,518.0
3959,522.0
3960,578.0
3961,394.0
3962,442.0
3963,474.0
3964,529.0
3965,533.0
3966,600.0
3967,388.0
3968,439.0
3969,475.0
3970,540.0
3971,546.0
3972,454.0
3973,384.0
3974,452.0
3975,500.0
3976,588.0
3977,602.0
3978,437.0
3979,380.0
3980,439.0
3981,490.0
3982,577.0
3983,607.0
3984,454.0
3985,378.0
3986,452.0
3987,471.0
3988,499.0
3989,516.0
3990,534.0
3991,378.0
3992,467.0
3993,475.0
3994,512.0
3995,533.0
3996,545.0
3997,367.0
3998,444.0
3999,467.0
4000,484.0
4001,508.0
4002,524.0
4003,442.0
4004,451.0
4005,450.0
4006,451.0
4007,456.0
4008,459.0
4009,481.0
4010,490.0
4011,485.0
4012,486.0
4013,411.0
4014,441.0
4015,449.0
4016,495.0
4017,502.0
4018,517.0
4019,544.0
4020,555.0
4021,560.0
4022,556.0
4023,422.0
4024,442.0
4025,448.0
4026,498.0
4027,500.0
4028,500.0
4029,541.0
4030,523.0
4031,540.0
4032,525.0
4033,396.0
4034,410.0
4035,407.0
4036,422.0
4037,413.0
4038,418.0
4039,424.0
4040,448.0
4041,454.0
4042,476.0
4043,402.0
4044,418.0
4045,417.0
4046,438.0
4047,426.0
4048,434.0
4049,439.0
4050,464.0
4051,469.0
4052,488.0
4053,413.0
4054,426.0
4055,426.0
4056,446.0
4057,433.0
4058,443.0
4059,446.0
4060,472.0
4061,478.0
4062,501.0
4063,424.0
4064,436.0
4065,437.0
4066,460.0
4067,446.0
4068,457.0
4069,458.0
4070,484.0
4071,490.0
4072,516.0
4073,477.0
4074,477.0
4075,462.0
4076,468.0
4077,463.0
4078,476.0
4079,546.0
4080,645.0
4081,488.0
4082,521.0
4083,540.0
4084,562.0
4085,575.0
4086,576.0
4087,601.0
4088,614.0
4089,482.0
4090,510.0
4091,528.0
4092,545.0
4093,556.0
4094,556.0
4095,587.0
4096,601.0
4097,409.0
4098,433.0
4099,458.0
4100,465.0
4101,464.0
4102,461.0
4103,465.0
4104,479.0
4105,490.0
4106,491.0
4107,483.0
4108,497.0
4109,494.0
4110,494.0
4111,513.0
4112,534.0
4113,573.0
4114,591.0
4115,647.0
4116,536.0
4117,546.0
4118,533.0
4119,592.0
4120,635.0
4121,544.0
4122,578.0
4123,527.0
4124,514.0
4125,577.0
4126,593.0
4127,485.0
4128,498.0
4129,528.0
4130,549.0
4131,497.0
4132,543.0
4133,598.0
4134,635.0
4135,667.0
4136,528.0
4137,587.0
4138,667.0
4139,493.0
4140,538.0
4141,578.0
4142,619.0
4143,486.0
4144,556.0
4145,634.0
4146,609.0
4147,473.0
4148,462.0
4149,393.0
4150,398.0
4151,397.0
4152,397.0
4153,507.0
4154,529.0
4155,538.0
4156,536.0
4157,495.0
4158,511.0
4159,515.0
4160,525.0
4161,541.0
4162,545.0
4163,582.0
4164,466.0
4165,490.0
4166,495.0
4167,497.0
4168,516.0
4169,529.0
4170,536.0
4171,578.0
4172,445.0
4173,481.0
4174,495.0
4175,505.0
4176,511.0
4177,545.0
4178,558.0
4179,605.0
4180,480.0
4181,520.0
4182,534.0
4183,543.0
4184,562.0
4185,590.0
4186,598.0
4187,634.0
4188,393.0
4189,442.0
4190,457.0
4191,490.0
4192,503.0
4193,567.0
4194,559.0
4195,532.0
4196,388.0
4197,432.0
4198,451.0
4199,470.0
4200,488.0
4201,545.0
4202,530.0
4203,540.0
4204,412.0
4205,424.0
4206,427.0
4207,445.0
4208,438.0
4209,433.0
4210,446.0
4211,455.0
4212,455.0
4213,462.0
4214,462.0
4215,472.0
4216,475.0
4217,485.0
4218,494.0
4219,486.0
4220,492.0
4221,496.0
4222,501.0
4223,508.0
4224,520.0
4225,539.0
4226,443.0
4227,465.0
4228,464.0
4229,496.0
4230,485.0
4231,483.0
4232,500.0
4233,515.0
4234,519.0
4235,527.0
4236,526.0
4237,539.0
4238,545.0
4239,560.0
4240,572.0
4241,560.0
4242,566.0
4243,573.0
4244,579.0
4245,587.0
4246,597.0
4247,616.0
4248,433.0
4249,455.0
4250,452.0
4251,493.0
4252,480.0
4253,484.0
4254,500.0
4255,522.0
4256,532.0
4257,544.0
4258,540.0
4259,554.0
4260,574.0
4261,595.0
4262,608.0
4263,598.0
4264,594.0
4265,606.0
4266,612.0
4267,623.0
4268,632.0
4269,562.0
4270,401.0
4271,421.0
4272,406.0
4273,430.0
4274,452.0
4275,461.0
4276,462.0
4277,515.0
4278,510.0
4279,496.0
4280,505.0
4281,531.0
4282,425.0
4283,435.0
4284,457.0
4285,458.0
4286,501.0
4287,505.0
4288,518.0
4289,540.0
4290,440.0
4291,457.0
4292,483.0
4293,490.0
4294,516.0
4295,523.0
4296,534.0
4297,562.0
4298,592.0
4299,589.0
4300,589.0
4301,584.0
4302,549.0
4303,545.0
4304,532.0
4305,510.0
4306,498.0
4307,517.0
4308,509.0
4309,491.0
4310,483.0
4311,507.0
4312,533.0
4313,551.0
4314,557.0
4315,566.0
4316,537.0
4317,545.0
4318,546.0
4319,546.0
4320,554.0
4321,483.0
4322,507.0
4323,529.0
4324,557.0
4325,557.0
4326,569.0
4327,585.0
4328,601.0
4329,604.0
4330,598.0
4331,617.0
4332,434.0
4333,445.0
4334,462.0
4335,497.0
4336,512.0
4337,518.0
4338,554.0
4339,570.0
4340,425.0
4341,435.0
4342,449.0
4343,479.0
4344,490.0
4345,498.0
4346,536.0
4347,555.0
4348,398.4
4349,399.2
4350,397.6
4351,399.2
4352,401.6
4353,403.2
4354,401.6
4355,404.0
4356,400.4
4357,403.2
4358,400.8
4359,401.6
4360,401.0
4361,401.4
4362,401.6
4363,402.8
4364,403.0
4365,403.0
4366,399.8
4367,400.4
4368,400.8
4369,399.6
4370,400.2
4371,400.8
4372,400.8
4373,401.0
4374,400.2
4375,400.0
4376,399.8
4377,399.4
4378,398.4
4379,393.6
4380,464.0
4381,540.0
4382,545.0
4383,436.0
4384,530.0
4385,547.0
